{
  "timestamp": "2026-06-17T17:56:02.620Z",
  "network": "sepolia",
  "chainId": 11155111,
  "samples": 3,
  "account": "0x2cb83bA874fA956447433a9F0835204C65bc140D",
  "logScheduleWithDecision": {
    "gas": {
      "n": 3,
      "mean": 290483,
      "median": 290487,
      "p95": 290487,
      "p99": 290487,
      "min": 290475,
      "max": 290487
    }
  },
  "updateExecutionWithSig": {
    "gas": {
      "n": 3,
      "mean": 114643,
      "median": 114639,
      "p95": 114639,
      "p99": 114639,
      "min": 114639,
      "max": 114651
    }
  },
  "total_per_dispatch": {
    "gas": {
      "n": 3,
      "mean": 405126,
      "median": 405126,
      "p95": 405126,
      "p99": 405126,
      "min": 405114,
      "max": 405138
    },
    "latency_ms": {
      "n": 3,
      "mean": 30009.206479,
      "median": 32689.971988,
      "p95": 32689.971988,
      "p99": 32689.971988,
      "min": 24443.703577,
      "max": 32893.943872
    },
    "gasPriceGwei": {
      "n": 3,
      "mean": 1.0966202536666667,
      "median": 1.091454705,
      "p95": 1.091454705,
      "p99": 1.091454705,
      "min": 1.083395557,
      "max": 1.115010499
    },
    "costEth": {
      "n": 3,
      "mean": 0.00044270921953353903,
      "median": 0.000441195760947738,
      "p95": 0.000441195760947738,
      "p99": 0.000441195760947738,
      "min": 0.000431938217753637,
      "max": 0.000454993679899242
    }
  },
  "realCost": {
    "totalSpentEth": 0.001328127658600617,
    "meanCostEthPerDispatch": 0.00044270921953353903,
    "note": "totalSpentEth = 钱包真实余额差（含可能的注册交易）"
  },
  "usdCostModel": {
    "ethUsdAssumed": 3000,
    "perDispatchUSD": {
      "at_5gwei": 6.076890000000001,
      "at_20gwei": 24.307560000000002,
      "at_50gwei": 60.7689,
      "at_100gwei": 121.5378
    },
    "note": "USD = meanGas × gwei × 1e-9 × ETH_USD；论文以区间报，不断言单一值。"
  },
  "note": "Sepolia 真实测试网双签 dispatch gas 基准（E1）。链上写入受真实出块波动影响。"
}